[
    {
        "name": "James Bond",
        "description": "Agent 007",
        "price": 10.99,
        "quantity": 7,
        "category": "Action"
    },
    {
        "name": "Sherlock Holmes",
        "description": "The Consulting Detective",
        "price": 8.99,
        "quantity": 5,
        "category": "Mystery"
    },
    {
        "name": "Hercule Poirot",
        "description": "Belgian Detective",
        "price": 12.99,
        "quantity": 10,
        "category": "Mystery"
    },
    {
        "name": "Terminator",
        "description": "Science fiction",
        "price": 8.99,
        "quantity": 5,
        "category": "Action"
    },
    {
        "name": "Dora the Explorer",
        "description": "Gore",
        "price": 12.99,
        "quantity": 10,
        "category": "Extreme Violence"
    },
    {
        "name": "Laptop",
        "description": "A high-performance laptop for gaming and productivity",
        "price": 999.99,
        "quantity": 10,
        "category": "Electronics"
    }
]
